{"cameraMode":{"drawMode":0,"name":"Shaded","section":"Shading Mode"},"sceneLighting":true,"audioPlay":false,"sceneViewState":{"showFog":true,"showMaterialUpdate":false,"showSkybox":true,"showFlares":true,"showImageEffects":true,"showParticleSystems":true},"in2DMode":false,"pivot":{"x":0.1362214982509613,"y":0.06286582350730896,"z":-0.00967186689376831},"rotation":{"x":0.0025493106804788114,"y":-0.9948813319206238,"z":0.09762012213468552,"w":0.025978613644838334},"size":0.8857883810997009,"orthographic":false}